{"stats":{"minecraft:mined":{"minecraft:hay_block":76,"treechop:chopped_log":2,"minecraft:crafting_table":2,"minecraft:grass":5,"minecraft:grass_block":9,"minecraft:dirt_path":3,"minecraft:oak_stairs":1,"minecraft:dirt":6,"minecraft:tall_grass":4,"minecraft:stone":9,"minecraft:oak_leaves":1},"minecraft:picked_up":{"minecraft:stick":14,"minecraft:crafting_table":5,"minecraft:oak_stairs":1,"minecraft:porkchop":3,"minecraft:oak_log":5,"minecraft:dirt":24,"minecraft:stone_pressure_plate":1,"minecraft:apple":5,"minecraft:hay_block":76,"minecraft:beef":3,"minecraft:wooden_shovel":1,"minecraft:oak_sapling":3,"minecraft:cobblestone":9},"minecraft:dropped":{"minecraft:dirt":4,"minecraft:crafting_table":2,"minecraft:wooden_shovel":1,"minecraft:apple":4},"minecraft:crafted":{"minecraft:oak_planks":20,"minecraft:wooden_shovel":1,"minecraft:crafting_table":1,"minecraft:wooden_pickaxe":1,"minecraft:wooden_axe":1,"minecraft:bread":228,"minecraft:wheat":684},"minecraft:killed_by":{"yeti:yeti":1},"minecraft:killed":{"minecraft:pig":1,"minecraft:cow":2},"minecraft:used":{"minecraft:wooden_axe":24,"minecraft:apple":1,"minecraft:wooden_pickaxe":9,"minecraft:wooden_shovel":9,"minecraft:dirt":4,"minecraft:beef":3,"minecraft:crafting_table":3,"minecraft:oak_sapling":3,"minecraft:porkchop":3},"minecraft:custom":{"minecraft:time_since_rest":722,"minecraft:sprint_one_cm":31932,"minecraft:damage_taken":403,"minecraft:walk_one_cm":70264,"minecraft:mob_kills":4,"minecraft:drop":11,"minecraft:damage_dealt":1300,"minecraft:swim_one_cm":815,"minecraft:interact_with_crafting_table":6,"minecraft:talked_to_villager":8,"minecraft:fly_one_cm":57837,"minecraft:crouch_one_cm":1383,"minecraft:play_time":25406,"minecraft:deaths":1,"minecraft:walk_under_water_one_cm":1067,"minecraft:sneak_time":932,"minecraft:jump":317,"minecraft:leave_game":4,"minecraft:time_since_death":0,"minecraft:walk_on_water_one_cm":1048,"minecraft:sleep_in_bed":3,"minecraft:total_world_time":25406,"minecraft:climb_one_cm":2518,"minecraft:fall_one_cm":7551}},"DataVersion":3120}