{"stats":{"minecraft:mined":{"minecraft:hay_block":17,"treechop:chopped_log":2,"minecraft:crafting_table":1,"minecraft:grass":1,"minecraft:grass_block":9,"minecraft:dirt":1,"minecraft:oak_leaves":1},"minecraft:picked_up":{"minecraft:stick":14,"minecraft:crafting_table":3,"minecraft:porkchop":3,"minecraft:oak_log":5,"minecraft:dirt":16,"minecraft:stone_pressure_plate":1,"minecraft:apple":5,"minecraft:hay_block":17,"minecraft:beef":3,"minecraft:wooden_shovel":1,"minecraft:oak_sapling":3},"minecraft:dropped":{"minecraft:dirt":4,"minecraft:crafting_table":1,"minecraft:wooden_shovel":1,"minecraft:apple":4},"minecraft:crafted":{"minecraft:oak_planks":20,"minecraft:wooden_shovel":1,"minecraft:crafting_table":1,"minecraft:wooden_pickaxe":1,"minecraft:wooden_axe":1},"minecraft:killed":{"minecraft:pig":1,"minecraft:cow":2},"minecraft:used":{"minecraft:wooden_axe":8,"minecraft:apple":1,"minecraft:wooden_shovel":1,"minecraft:dirt":4,"minecraft:beef":1,"minecraft:crafting_table":1,"minecraft:oak_sapling":3,"minecraft:porkchop":3},"minecraft:custom":{"minecraft:time_since_rest":1672,"minecraft:sprint_one_cm":27036,"minecraft:damage_taken":268,"minecraft:walk_one_cm":53221,"minecraft:mob_kills":3,"minecraft:drop":10,"minecraft:damage_dealt":446,"minecraft:talked_to_villager":8,"minecraft:swim_one_cm":815,"minecraft:interact_with_crafting_table":4,"minecraft:fly_one_cm":49846,"minecraft:crouch_one_cm":1349,"minecraft:play_time":14806,"minecraft:sneak_time":499,"minecraft:walk_under_water_one_cm":1067,"minecraft:jump":267,"minecraft:leave_game":1,"minecraft:time_since_death":14806,"minecraft:walk_on_water_one_cm":1048,"minecraft:sleep_in_bed":3,"minecraft:climb_one_cm":2518,"minecraft:total_world_time":14806,"minecraft:fall_one_cm":6446}},"DataVersion":3120}