{"stats":{"minecraft:killed":{"minecraft:spider":2,"minecraft:creeper":1,"minecraft:zombie":2,"screaming_villager:screaming_sheep":2},"minecraft:crafted":{"minecraft:wooden_sword":1,"minecraft:oak_planks":132,"minecraft:wooden_shovel":1,"minecraft:crafting_table":2,"minecraft:wooden_pickaxe":1,"minecraft:stone_axe":1,"minecraft:stick":16,"minecraft:wooden_axe":1,"minecraft:stone_pickaxe":1,"minecraft:stone_sword":1,"minecraft:torch":4},"minecraft:dropped":{"minecraft:iron_ingot":1,"minecraft:furnace":1,"minecraft:stone_axe":1,"minecraft:crafting_table":4,"minecraft:rotten_flesh":1,"minecraft:cobblestone":2,"epicfight:stone_spear":1,"minecraft:stick":6,"epicfight:stone_greatsword":1,"minecraft:stone_pickaxe":1,"minecraft:bucket":1},"minecraft:custom":{"minecraft:mob_kills":10,"minecraft:interact_with_crafting_table":6,"minecraft:time_since_death":11016,"minecraft:time_since_rest":11049,"minecraft:sprint_one_cm":91263,"minecraft:damage_taken":1245,"minecraft:walk_one_cm":118906,"minecraft:drop":13,"minecraft:damage_dealt":2139,"minecraft:damage_dealt_absorbed":9,"minecraft:swim_one_cm":33722,"minecraft:fly_one_cm":93819,"minecraft:crouch_one_cm":2593,"minecraft:play_time":28536,"minecraft:deaths":4,"minecraft:sneak_time":1106,"minecraft:walk_under_water_one_cm":11675,"minecraft:jump":470,"minecraft:walk_on_water_one_cm":7245,"minecraft:total_world_time":28536,"minecraft:fall_one_cm":9255},"minecraft:mined":{"minecraft:crafting_table":3,"minecraft:torch":6,"minecraft:grass_block":1,"minecraft:tall_grass":1,"minecraft:oak_planks":8,"minecraft:grass":6,"minecraft:coal_ore":29,"minecraft:oak_log":34,"minecraft:gravel":31,"minecraft:dirt":8,"minecraft:stone":6,"minecraft:oak_leaves":4},"minecraft:killed_by":{"screaming_villager:screaming_sheep":1,"minecraft:creeper":1,"minecraft:zombie":1},"minecraft:used":{"minecraft:stone_pickaxe":8,"minecraft:oak_planks":8,"minecraft:wooden_pickaxe":28,"minecraft:wooden_shovel":32,"minecraft:rotten_flesh":3,"minecraft:torch":6,"minecraft:dirt":10,"minecraft:crafting_table":4,"minecraft:wooden_axe":18,"minecraft:gravel":23,"epicfight:stone_greatsword":32,"minecraft:stone_axe":41,"minecraft:oak_sapling":2,"minecraft:egg":1},"minecraft:picked_up":{"minecraft:wooden_axe":1,"epicfight:stone_spear":1,"minecraft:crafting_table":8,"minecraft:chicken":1,"minecraft:wooden_pickaxe":2,"minecraft:flint":7,"minecraft:oak_log":33,"minecraft:dirt":31,"minecraft:wooden_sword":1,"minecraft:wheat_seeds":3,"minecraft:bucket":1,"minecraft:iron_ingot":1,"minecraft:stone_pickaxe":2,"minecraft:oak_planks":41,"minecraft:egg":4,"minecraft:furnace":1,"minecraft:stick":8,"epicfight:stone_greatsword":3,"minecraft:torch":8,"minecraft:gravel":25,"minecraft:stone_sword":1,"minecraft:arrow":2,"minecraft:rotten_flesh":6,"minecraft:stone_axe":2,"minecraft:oak_sapling":3,"minecraft:coal":50,"minecraft:white_wool":2,"minecraft:cobblestone":14}},"DataVersion":3120}