{"stats":{"minecraft:killed":{"minecraft:pig":1,"minecraft:spider":2,"minecraft:creeper":1,"minecraft:zombie":3,"screaming_villager:screaming_sheep":2,"minecraft:cow":3},"minecraft:crafted":{"minecraft:cooked_beef":5,"minecraft:wooden_sword":1,"minecraft:oak_planks":200,"minecraft:wooden_shovel":1,"minecraft:crafting_table":2,"minecraft:wooden_pickaxe":1,"minecraft:cooked_chicken":1,"minecraft:furnace":1,"minecraft:stone_axe":2,"minecraft:wooden_hoe":1,"minecraft:stick":20,"minecraft:wooden_axe":1,"minecraft:stone_pickaxe":1,"minecraft:stone_sword":1,"minecraft:torch":12},"minecraft:dropped":{"minecraft:iron_ingot":6,"minecraft:furnace":2,"minecraft:stone_axe":1,"minecraft:cooked_beef":2,"minecraft:oak_log":10,"minecraft:crafting_table":6,"minecraft:raw_iron":10,"minecraft:rotten_flesh":1,"minecraft:cobblestone":2,"epicfight:stone_spear":1,"minecraft:coal":30,"minecraft:stick":6,"epicfight:stone_greatsword":1,"minecraft:stone_pickaxe":1,"minecraft:bucket":1},"minecraft:broken":{"minecraft:wooden_shovel":1},"minecraft:custom":{"minecraft:interact_with_furnace":16,"minecraft:mob_kills":15,"minecraft:interact_with_crafting_table":14,"minecraft:time_since_death":9035,"minecraft:time_since_rest":9064,"minecraft:sprint_one_cm":167745,"minecraft:damage_taken":1896,"minecraft:walk_one_cm":245349,"minecraft:drop":21,"minecraft:damage_dealt":2724,"minecraft:damage_dealt_absorbed":9,"minecraft:swim_one_cm":33722,"minecraft:player_kills":1,"minecraft:fly_one_cm":228210,"minecraft:open_chest":1,"minecraft:crouch_one_cm":7846,"minecraft:play_time":58536,"minecraft:deaths":6,"minecraft:sneak_time":2130,"minecraft:walk_under_water_one_cm":12459,"minecraft:jump":1019,"minecraft:walk_on_water_one_cm":8357,"minecraft:total_world_time":58536,"minecraft:fall_one_cm":22140},"minecraft:killed_by":{"screaming_villager:screaming_sheep":1,"minecraft:player":2,"minecraft:creeper":1,"minecraft:zombie":1},"minecraft:mined":{"minecraft:snow_block":8,"minecraft:powder_snow":7,"minecraft:crafting_table":6,"minecraft:torch":7,"minecraft:emerald_ore":1,"minecraft:grass_block":1,"minecraft:tall_grass":1,"minecraft:oak_planks":22,"minecraft:wall_torch":3,"minecraft:hay_block":4,"minecraft:furnace":3,"minecraft:iron_ore":13,"minecraft:snow":11,"minecraft:grass":10,"minecraft:coal_ore":44,"minecraft:oak_log":61,"minecraft:gravel":31,"minecraft:dirt":18,"minecraft:stone":14,"minecraft:oak_leaves":5},"minecraft:used":{"minecraft:stone_sword":6,"minecraft:stone_pickaxe":45,"minecraft:oak_planks":92,"minecraft:wooden_pickaxe":34,"minecraft:wooden_shovel":60,"minecraft:cooked_chicken":1,"minecraft:rotten_flesh":6,"minecraft:torch":11,"minecraft:dirt":28,"minecraft:crafting_table":5,"minecraft:snowball":24,"minecraft:wooden_axe":18,"minecraft:wooden_hoe":1,"minecraft:iron_pickaxe":3,"minecraft:gravel":24,"epicfight:stone_greatsword":36,"minecraft:stone_axe":86,"minecraft:furnace":2,"minecraft:oak_sapling":3,"minecraft:egg":4,"minecraft:cooked_beef":2},"minecraft:picked_up":{"minecraft:wooden_axe":1,"epicfight:stone_spear":1,"minecraft:crafting_table":11,"minecraft:chicken":1,"minecraft:leather":4,"minecraft:wooden_pickaxe":2,"minecraft:flint":7,"minecraft:oak_log":60,"minecraft:dirt":39,"minecraft:wooden_sword":1,"immersive_aircraft:propeller":1,"minecraft:wheat_seeds":3,"minecraft:bucket":1,"minecraft:beef":5,"minecraft:iron_ingot":6,"minecraft:stone_pickaxe":2,"minecraft:iron_pickaxe":1,"minecraft:oak_planks":55,"minecraft:egg":4,"minecraft:furnace":4,"minecraft:stick":8,"minecraft:raw_iron":15,"epicfight:stone_greatsword":3,"minecraft:torch":12,"minecraft:gravel":25,"minecraft:porkchop":3,"minecraft:stone_sword":1,"minecraft:arrow":2,"minecraft:rotten_flesh":7,"minecraft:stone_axe":2,"minecraft:hay_block":4,"minecraft:oak_sapling":5,"immersive_aircraft:hull":3,"minecraft:coal":65,"minecraft:snowball":24,"minecraft:white_wool":2,"minecraft:cobblestone":22}},"DataVersion":3120}