{"stats":{"minecraft:crafted":{"minecraft:oak_planks":52,"minecraft:crafting_table":1,"minecraft:stick":4,"minecraft:wooden_pickaxe":1,"minecraft:wooden_axe":1},"minecraft:custom":{"minecraft:time_since_rest":4536,"minecraft:crouch_one_cm":852,"minecraft:play_time":4536,"minecraft:sprint_one_cm":8400,"minecraft:damage_taken":40,"minecraft:walk_one_cm":17958,"minecraft:sneak_time":246,"minecraft:jump":77,"minecraft:damage_dealt":70,"minecraft:time_since_death":4536,"minecraft:total_world_time":4536,"minecraft:interact_with_crafting_table":3,"minecraft:fall_one_cm":2140,"minecraft:fly_one_cm":17902},"minecraft:used":{"minecraft:wooden_axe":13,"minecraft:crafting_table":1,"minecraft:oak_sapling":1,"minecraft:wooden_pickaxe":7},"minecraft:mined":{"minecraft:coal_ore":3,"minecraft:grass":4,"minecraft:oak_log":13,"minecraft:stone":4,"minecraft:oak_leaves":1,"minecraft:crafting_table":1},"minecraft:picked_up":{"minecraft:stick":2,"minecraft:crafting_table":1,"minecraft:wheat_seeds":1,"minecraft:oak_log":13,"minecraft:oak_sapling":2,"minecraft:coal":3,"minecraft:cobblestone":7}},"DataVersion":3120}