{"stats":{"minecraft:killed":{"minecraft:spider":2,"minecraft:creeper":1,"minecraft:zombie":3,"screaming_villager:screaming_sheep":2},"minecraft:crafted":{"minecraft:wooden_sword":1,"minecraft:oak_planks":132,"minecraft:wooden_shovel":1,"minecraft:crafting_table":2,"minecraft:wooden_pickaxe":1,"minecraft:cooked_chicken":1,"minecraft:furnace":1,"minecraft:stone_axe":1,"minecraft:stick":16,"minecraft:wooden_axe":1,"minecraft:stone_pickaxe":1,"minecraft:stone_sword":1,"minecraft:torch":12},"minecraft:dropped":{"minecraft:iron_ingot":6,"minecraft:furnace":2,"minecraft:stone_axe":1,"minecraft:oak_log":10,"minecraft:crafting_table":5,"minecraft:raw_iron":10,"minecraft:rotten_flesh":1,"minecraft:cobblestone":2,"epicfight:stone_spear":1,"minecraft:coal":30,"minecraft:stick":6,"epicfight:stone_greatsword":1,"minecraft:stone_pickaxe":1,"minecraft:bucket":1},"minecraft:broken":{"minecraft:wooden_shovel":1},"minecraft:custom":{"minecraft:interact_with_furnace":7,"minecraft:mob_kills":11,"minecraft:interact_with_crafting_table":9,"minecraft:time_since_death":29016,"minecraft:time_since_rest":29049,"minecraft:sprint_one_cm":105048,"minecraft:damage_taken":1346,"minecraft:walk_one_cm":204908,"minecraft:drop":19,"minecraft:damage_dealt":2199,"minecraft:damage_dealt_absorbed":9,"minecraft:swim_one_cm":33722,"minecraft:fly_one_cm":111058,"minecraft:crouch_one_cm":7186,"minecraft:play_time":46536,"minecraft:deaths":4,"minecraft:sneak_time":1914,"minecraft:walk_under_water_one_cm":12459,"minecraft:jump":705,"minecraft:walk_on_water_one_cm":8357,"minecraft:total_world_time":46536,"minecraft:fall_one_cm":12986},"minecraft:killed_by":{"screaming_villager:screaming_sheep":1,"minecraft:creeper":1,"minecraft:zombie":1},"minecraft:mined":{"minecraft:snow_block":8,"minecraft:powder_snow":7,"minecraft:crafting_table":4,"minecraft:torch":6,"minecraft:grass_block":1,"minecraft:tall_grass":1,"minecraft:oak_planks":22,"minecraft:wall_torch":2,"minecraft:furnace":2,"minecraft:iron_ore":8,"minecraft:snow":11,"minecraft:grass":6,"minecraft:coal_ore":40,"minecraft:oak_log":44,"minecraft:gravel":31,"minecraft:dirt":18,"minecraft:stone":11,"minecraft:oak_leaves":5},"minecraft:used":{"minecraft:stone_sword":1,"minecraft:stone_pickaxe":34,"minecraft:oak_planks":92,"minecraft:wooden_pickaxe":34,"minecraft:wooden_shovel":60,"minecraft:cooked_chicken":1,"minecraft:rotten_flesh":6,"minecraft:torch":9,"minecraft:dirt":27,"minecraft:crafting_table":4,"minecraft:snowball":24,"minecraft:wooden_axe":18,"minecraft:gravel":23,"epicfight:stone_greatsword":32,"minecraft:stone_axe":67,"minecraft:furnace":1,"minecraft:oak_sapling":3,"minecraft:egg":1},"minecraft:picked_up":{"minecraft:wooden_axe":1,"epicfight:stone_spear":1,"minecraft:crafting_table":9,"minecraft:chicken":1,"minecraft:wooden_pickaxe":2,"minecraft:flint":7,"minecraft:oak_log":43,"minecraft:dirt":39,"minecraft:wooden_sword":1,"immersive_aircraft:propeller":1,"minecraft:wheat_seeds":3,"minecraft:bucket":1,"minecraft:iron_ingot":6,"minecraft:stone_pickaxe":2,"minecraft:iron_pickaxe":1,"minecraft:oak_planks":55,"minecraft:egg":4,"minecraft:furnace":3,"minecraft:stick":8,"minecraft:raw_iron":10,"epicfight:stone_greatsword":3,"minecraft:torch":10,"minecraft:gravel":25,"minecraft:stone_sword":1,"minecraft:arrow":2,"minecraft:rotten_flesh":7,"minecraft:stone_axe":2,"minecraft:oak_sapling":3,"immersive_aircraft:hull":3,"minecraft:coal":61,"minecraft:snowball":24,"minecraft:white_wool":2,"minecraft:cobblestone":19}},"DataVersion":3120}