{"stats":{"minecraft:killed":{"minecraft:creeper":1},"minecraft:crafted":{"minecraft:wooden_sword":1,"minecraft:oak_planks":52,"minecraft:crafting_table":2,"minecraft:stick":12,"minecraft:wooden_pickaxe":1,"minecraft:stone_pickaxe":1,"minecraft:wooden_axe":1,"minecraft:stone_sword":1,"minecraft:torch":4,"minecraft:stone_axe":1},"minecraft:custom":{"minecraft:time_since_rest":201,"minecraft:sprint_one_cm":48011,"minecraft:damage_taken":775,"minecraft:walk_one_cm":60835,"minecraft:mob_kills":3,"minecraft:damage_dealt":912,"minecraft:damage_dealt_absorbed":9,"minecraft:swim_one_cm":26536,"minecraft:interact_with_crafting_table":5,"minecraft:fly_one_cm":66178,"minecraft:crouch_one_cm":951,"minecraft:play_time":16536,"minecraft:deaths":3,"minecraft:sneak_time":357,"minecraft:walk_under_water_one_cm":7895,"minecraft:jump":284,"minecraft:time_since_death":174,"minecraft:walk_on_water_one_cm":5490,"minecraft:total_world_time":16536,"minecraft:fall_one_cm":6738},"minecraft:killed_by":{"minecraft:creeper":1,"minecraft:zombie":1},"minecraft:mined":{"minecraft:crafting_table":2,"minecraft:torch":1,"minecraft:grass":4,"minecraft:grass_block":1,"minecraft:oak_log":13,"minecraft:coal_ore":22,"minecraft:dirt":2,"minecraft:stone":6,"minecraft:oak_planks":4,"minecraft:oak_leaves":1},"minecraft:used":{"minecraft:wooden_axe":18,"minecraft:oak_planks":4,"minecraft:wooden_pickaxe":28,"epicfight:stone_greatsword":2,"minecraft:stone_axe":11,"minecraft:torch":1,"minecraft:dirt":3,"minecraft:crafting_table":3,"minecraft:oak_sapling":2,"minecraft:egg":1},"minecraft:picked_up":{"minecraft:stick":5,"minecraft:crafting_table":4,"epicfight:stone_greatsword":2,"minecraft:torch":1,"minecraft:wooden_pickaxe":1,"minecraft:oak_log":13,"minecraft:dirt":12,"minecraft:stone_axe":1,"minecraft:wheat_seeds":1,"minecraft:bucket":1,"minecraft:iron_ingot":1,"minecraft:stone_pickaxe":1,"minecraft:oak_sapling":2,"minecraft:oak_planks":8,"minecraft:coal":22,"minecraft:furnace":1,"minecraft:cobblestone":11,"minecraft:egg":4}},"DataVersion":3120}