{"stats":{"minecraft:killed":{"minecraft:spider":3,"minecraft:zombie":5,"minecraft:chicken":1},"minecraft:crafted":{"epicfight:stone_spear":1,"minecraft:oak_planks":20,"minecraft:crafting_table":1,"minecraft:wooden_pickaxe":1,"minecraft:furnace":1,"epicfight:stone_greatsword":2,"minecraft:bucket":1,"minecraft:stone_axe":1,"minecraft:air":0,"minecraft:stick":8,"minecraft:iron_ingot":4,"minecraft:stone_pickaxe":1,"minecraft:stone_sword":1},"minecraft:dropped":{"minecraft:iron_ingot":1,"minecraft:stone_axe":1,"minecraft:wheat_seeds":1,"minecraft:stone_sword":1,"minecraft:crafting_table":2,"minecraft:cobblestone":4,"minecraft:rotten_flesh":4,"minecraft:oak_planks":29,"epicfight:stone_spear":1,"minecraft:coal":21,"minecraft:stick":3,"minecraft:dirt":16,"minecraft:torch":2,"minecraft:wooden_axe":1,"minecraft:oak_sapling":1,"epicfight:stone_greatsword":2,"minecraft:wooden_sword":1,"minecraft:arrow":2,"minecraft:stone_pickaxe":1,"minecraft:wooden_pickaxe":1,"minecraft:white_wool":1},"minecraft:custom":{"minecraft:interact_with_furnace":2,"minecraft:mob_kills":8,"minecraft:interact_with_crafting_table":11,"minecraft:time_since_death":10116,"minecraft:time_since_rest":10145,"minecraft:sprint_one_cm":63143,"minecraft:damage_taken":1553,"minecraft:walk_one_cm":100021,"minecraft:drop":24,"minecraft:damage_dealt":1253,"minecraft:swim_one_cm":16805,"minecraft:fly_one_cm":120133,"minecraft:crouch_one_cm":1103,"minecraft:play_time":29700,"minecraft:deaths":5,"minecraft:sneak_time":225,"minecraft:walk_under_water_one_cm":2473,"minecraft:jump":467,"minecraft:walk_on_water_one_cm":4584,"minecraft:total_world_time":29700,"minecraft:fall_one_cm":12064},"minecraft:mined":{"minecraft:crafting_table":3,"minecraft:grass_block":9,"minecraft:furnace":1,"minecraft:iron_ore":4,"minecraft:grass":1,"minecraft:oak_log":5,"minecraft:dirt":18,"minecraft:stone":34},"minecraft:killed_by":{"apollyon:the_damned":2,"screaming_villager:screaming_sheep":2,"minecraft:spider":1},"minecraft:used":{"minecraft:stone_sword":1,"minecraft:stone_pickaxe":27,"minecraft:oak_planks":1,"minecraft:wooden_pickaxe":12,"minecraft:torch":1,"minecraft:dirt":3,"minecraft:crafting_table":2,"epicfight:stone_greatsword":13,"minecraft:stone_axe":6,"minecraft:furnace":1},"minecraft:picked_up":{"minecraft:wooden_axe":1,"minecraft:crafting_table":7,"minecraft:wooden_pickaxe":1,"minecraft:oak_log":5,"minecraft:dirt":30,"minecraft:wooden_sword":1,"minecraft:wheat_seeds":1,"minecraft:bucket":1,"minecraft:iron_ingot":2,"minecraft:stone_pickaxe":2,"minecraft:oak_planks":30,"minecraft:furnace":2,"minecraft:egg":3,"minecraft:stick":10,"minecraft:raw_iron":4,"epicfight:stone_greatsword":2,"minecraft:torch":4,"minecraft:stone_sword":1,"minecraft:arrow":2,"minecraft:rotten_flesh":4,"minecraft:stone_axe":2,"minecraft:oak_sapling":2,"minecraft:coal":21,"minecraft:white_wool":1,"minecraft:cobblestone":35}},"DataVersion":3120}