{"stats":{"minecraft:killed":{"minecraft:spider":1},"minecraft:crafted":{"minecraft:oak_planks":20,"minecraft:crafting_table":1,"minecraft:stick":8,"minecraft:wooden_pickaxe":1,"minecraft:iron_ingot":4,"minecraft:stone_pickaxe":1,"minecraft:furnace":1,"minecraft:bucket":1,"epicfight:stone_greatsword":2,"minecraft:stone_axe":1,"minecraft:air":0},"minecraft:dropped":{"minecraft:cobblestone":3,"epicfight:stone_greatsword":1},"minecraft:custom":{"minecraft:time_since_rest":63,"minecraft:interact_with_furnace":2,"minecraft:sprint_one_cm":28669,"minecraft:damage_taken":600,"minecraft:walk_one_cm":52428,"minecraft:drop":2,"minecraft:damage_dealt":149,"minecraft:swim_one_cm":16805,"minecraft:interact_with_crafting_table":10,"minecraft:fly_one_cm":49851,"minecraft:crouch_one_cm":675,"minecraft:deaths":2,"minecraft:play_time":17700,"minecraft:sneak_time":187,"minecraft:walk_under_water_one_cm":1071,"minecraft:jump":218,"minecraft:walk_on_water_one_cm":3505,"minecraft:time_since_death":28,"minecraft:total_world_time":17700,"minecraft:fall_one_cm":5591},"minecraft:used":{"minecraft:stone_pickaxe":24,"minecraft:wooden_pickaxe":12,"minecraft:stone_axe":4,"minecraft:crafting_table":1,"minecraft:furnace":1},"minecraft:killed_by":{"apollyon:the_damned":1,"minecraft:spider":1},"minecraft:mined":{"minecraft:furnace":1,"minecraft:iron_ore":4,"minecraft:crafting_table":2,"minecraft:grass":1,"minecraft:grass_block":5,"minecraft:oak_log":5,"minecraft:dirt":4,"minecraft:stone":31},"minecraft:picked_up":{"minecraft:wooden_axe":1,"minecraft:stick":4,"minecraft:raw_iron":4,"minecraft:crafting_table":3,"epicfight:stone_greatsword":1,"minecraft:torch":4,"minecraft:wooden_pickaxe":1,"minecraft:oak_log":5,"minecraft:dirt":9,"minecraft:stone_sword":1,"minecraft:wooden_sword":1,"minecraft:arrow":2,"minecraft:stone_axe":1,"minecraft:wheat_seeds":1,"minecraft:stone_pickaxe":1,"minecraft:oak_sapling":2,"minecraft:coal":21,"minecraft:oak_planks":30,"minecraft:egg":3,"minecraft:cobblestone":32,"minecraft:furnace":1}},"DataVersion":3120}