{"stats":{"minecraft:mined":{"minecraft:large_fern":2,"minecraft:hay_block":16,"minecraft:stone_pressure_plate":1,"horror_element_mod:impaled_skeleton":1,"treechop:chopped_log":1,"minecraft:crafting_table":1,"minecraft:grass":7,"minecraft:grass_block":10,"minecraft:oak_log":1,"horror_element_mod:bloody_tombstone":4,"minecraft:dirt":3,"minecraft:tall_grass":3,"minecraft:stone":12},"minecraft:picked_up":{"minecraft:stick":2,"minecraft:oak_log":9,"minecraft:dirt":8,"minecraft:bone":4,"minecraft:arrow":1,"minecraft:rotten_flesh":1,"horror_element_mod:bloody_tombstone":4,"minecraft:wheat_seeds":2,"minecraft:hay_block":19,"minecraft:iron_ingot":3,"minecraft:poppy":2,"minecraft:oak_sapling":1,"minecraft:cobblestone":24},"minecraft:crafted":{"minecraft:oak_planks":36,"minecraft:crafting_table":2,"minecraft:stick":16,"minecraft:wooden_pickaxe":1,"minecraft:stone_pickaxe":1,"minecraft:stone_sword":1,"minecraft:stone_axe":1,"minecraft:bread":57,"minecraft:wheat":171},"minecraft:killed":{"minecraft:sheep":1,"minecraft:iron_golem":1},"minecraft:used":{"minecraft:stone_sword":1,"minecraft:bread":6,"minecraft:stone_pickaxe":9,"minecraft:wooden_pickaxe":16,"minecraft:rotten_flesh":1,"minecraft:stone_axe":14,"minecraft:dirt":8,"minecraft:crafting_table":2},"minecraft:custom":{"minecraft:time_since_rest":13697,"minecraft:sprint_one_cm":39271,"minecraft:damage_taken":370,"minecraft:walk_one_cm":74994,"minecraft:mob_kills":1,"minecraft:interact_with_anvil":1,"minecraft:damage_dealt":154,"minecraft:swim_one_cm":1290,"minecraft:interact_with_crafting_table":6,"minecraft:fly_one_cm":98617,"minecraft:open_chest":1,"minecraft:crouch_one_cm":1261,"minecraft:play_time":28337,"minecraft:sneak_time":348,"minecraft:walk_under_water_one_cm":1567,"minecraft:jump":535,"minecraft:leave_game":7,"minecraft:time_since_death":28337,"minecraft:walk_on_water_one_cm":1002,"minecraft:sleep_in_bed":2,"minecraft:climb_one_cm":2354,"minecraft:total_world_time":28337,"minecraft:fall_one_cm":10949}},"DataVersion":3120}