{"stats":{"minecraft:mined":{"minecraft:large_fern":2,"minecraft:hay_block":5,"minecraft:stone_pressure_plate":1,"minecraft:crafting_table":1,"minecraft:grass":4,"minecraft:grass_block":10,"minecraft:oak_log":1,"minecraft:dirt":3,"minecraft:tall_grass":2,"minecraft:stone":12},"minecraft:picked_up":{"minecraft:stick":2,"minecraft:oak_log":4,"minecraft:dirt":8,"minecraft:rotten_flesh":1,"minecraft:wheat_seeds":2,"minecraft:hay_block":5,"minecraft:oak_sapling":1,"minecraft:cobblestone":24},"minecraft:crafted":{"minecraft:oak_planks":16,"minecraft:crafting_table":1,"minecraft:stick":16,"minecraft:wooden_pickaxe":1,"minecraft:stone_pickaxe":1,"minecraft:stone_sword":1,"minecraft:stone_axe":1,"minecraft:wheat":45},"minecraft:used":{"minecraft:stone_pickaxe":2,"minecraft:wooden_pickaxe":16,"minecraft:rotten_flesh":1,"minecraft:stone_axe":1,"minecraft:dirt":8,"minecraft:crafting_table":1},"minecraft:custom":{"minecraft:time_since_rest":1672,"minecraft:sprint_one_cm":25699,"minecraft:damage_taken":180,"minecraft:walk_one_cm":39700,"minecraft:interact_with_anvil":1,"minecraft:damage_dealt":20,"minecraft:swim_one_cm":1290,"minecraft:interact_with_crafting_table":4,"minecraft:fly_one_cm":59844,"minecraft:crouch_one_cm":1254,"minecraft:play_time":16312,"minecraft:sneak_time":280,"minecraft:walk_under_water_one_cm":1567,"minecraft:jump":291,"minecraft:leave_game":5,"minecraft:walk_on_water_one_cm":1002,"minecraft:time_since_death":16312,"minecraft:sleep_in_bed":2,"minecraft:climb_one_cm":1898,"minecraft:total_world_time":16312,"minecraft:fall_one_cm":5550}},"DataVersion":3120}