{"stats":{"minecraft:mined":{"minecraft:grass":2,"minecraft:acacia_log":1,"minecraft:grass_block":2,"minecraft:dirt":3,"minecraft:stone":10,"treechop:chopped_log":1,"minecraft:crafting_table":1},"minecraft:crafted":{"minecraft:stone_sword":1,"minecraft:acacia_planks":32,"minecraft:stone_axe":1,"minecraft:crafting_table":1,"minecraft:stick":8,"minecraft:stone_pickaxe":1,"minecraft:wooden_pickaxe":1},"minecraft:picked_up":{"minecraft:stick":5,"minecraft:crafting_table":2,"minecraft:acacia_planks":21,"minecraft:stone_axe":1,"minecraft:wooden_pickaxe":1,"minecraft:acacia_log":8,"minecraft:stone_pickaxe":1,"minecraft:acacia_sapling":12,"minecraft:dirt":5,"minecraft:cobblestone":11,"minecraft:stone_sword":1},"minecraft:custom":{"minecraft:time_since_rest":1021,"minecraft:play_time":5662,"minecraft:sprint_one_cm":4730,"minecraft:deaths":1,"minecraft:damage_taken":235,"minecraft:walk_one_cm":7615,"minecraft:sneak_time":197,"minecraft:jump":141,"minecraft:time_since_death":971,"minecraft:total_world_time":5662,"minecraft:interact_with_crafting_table":4,"minecraft:fall_one_cm":4428,"minecraft:fly_one_cm":16058},"minecraft:killed_by":{"yeti:yeti":1},"minecraft:used":{"minecraft:stone_axe":1,"minecraft:dirt":5,"minecraft:crafting_table":1,"minecraft:stone_pickaxe":1,"minecraft:wooden_pickaxe":10}},"DataVersion":3120}