{"stats":{"minecraft:killed":{"minecraft:spider":3,"minecraft:zombie":6,"minecraft:chicken":1},"minecraft:crafted":{"epicfight:stone_spear":1,"minecraft:oak_planks":40,"minecraft:crafting_table":1,"minecraft:wooden_pickaxe":1,"minecraft:furnace":1,"epicfight:stone_greatsword":2,"minecraft:bucket":1,"minecraft:stone_axe":1,"immersive_aircraft:propeller":1,"minecraft:air":0,"minecraft:stick":12,"minecraft:iron_ingot":29,"immersive_aircraft:hull":3,"minecraft:iron_pickaxe":2,"minecraft:stone_pickaxe":1,"minecraft:stone_sword":1},"minecraft:dropped":{"minecraft:iron_ingot":11,"minecraft:stone_axe":1,"minecraft:wheat_seeds":1,"immersive_aircraft:propeller":1,"minecraft:stone_sword":1,"minecraft:crafting_table":2,"minecraft:cobblestone":4,"minecraft:rotten_flesh":4,"immersive_aircraft:hull":3,"minecraft:oak_planks":29,"epicfight:stone_spear":1,"minecraft:coal":21,"minecraft:stick":3,"minecraft:dirt":16,"minecraft:torch":2,"minecraft:wooden_axe":1,"minecraft:oak_sapling":1,"epicfight:stone_greatsword":2,"minecraft:wooden_sword":1,"minecraft:arrow":2,"minecraft:stone_pickaxe":1,"minecraft:wooden_pickaxe":1,"minecraft:iron_pickaxe":2,"minecraft:white_wool":1},"minecraft:custom":{"minecraft:interact_with_furnace":25,"minecraft:mob_kills":9,"minecraft:interact_with_crafting_table":18,"minecraft:time_since_death":28116,"minecraft:time_since_rest":28145,"minecraft:sprint_one_cm":66288,"minecraft:damage_taken":1603,"minecraft:walk_one_cm":191306,"minecraft:drop":32,"minecraft:damage_dealt":1484,"minecraft:swim_one_cm":17182,"minecraft:fly_one_cm":129673,"minecraft:crouch_one_cm":5600,"minecraft:play_time":47700,"minecraft:deaths":5,"minecraft:sneak_time":1351,"minecraft:walk_under_water_one_cm":3187,"minecraft:jump":776,"minecraft:walk_on_water_one_cm":5875,"minecraft:total_world_time":47700,"minecraft:fall_one_cm":14354},"minecraft:mined":{"minecraft:powder_snow":4,"minecraft:crafting_table":4,"minecraft:grass_block":9,"minecraft:oak_planks":10,"minecraft:wall_torch":3,"minecraft:furnace":1,"minecraft:iron_ore":21,"minecraft:grass":1,"minecraft:oak_log":23,"minecraft:dirt":18,"minecraft:stone":37,"minecraft:oak_leaves":3},"minecraft:killed_by":{"apollyon:the_damned":2,"screaming_villager:screaming_sheep":2,"minecraft:spider":1},"minecraft:used":{"epicfight:skillbook":1,"minecraft:stone_sword":1,"minecraft:stone_pickaxe":48,"minecraft:oak_planks":16,"minecraft:wooden_pickaxe":12,"minecraft:torch":3,"minecraft:dirt":5,"minecraft:crafting_table":4,"minecraft:snowball":19,"minecraft:oak_log":2,"epicfight:stone_greatsword":15,"minecraft:stone_axe":42,"minecraft:cobblestone":4,"minecraft:furnace":2,"minecraft:bucket":1},"minecraft:picked_up":{"minecraft:wooden_axe":1,"minecraft:crafting_table":9,"minecraft:wooden_pickaxe":1,"minecraft:oak_log":33,"minecraft:dirt":30,"minecraft:wooden_sword":1,"minecraft:wheat_seeds":1,"minecraft:bucket":1,"minecraft:iron_ingot":12,"minecraft:stone_pickaxe":2,"minecraft:iron_pickaxe":1,"minecraft:oak_planks":40,"minecraft:furnace":3,"minecraft:egg":3,"minecraft:stick":10,"minecraft:raw_iron":29,"epicfight:stone_greatsword":2,"minecraft:torch":7,"epicfight:skillbook":1,"minecraft:stone_sword":1,"minecraft:arrow":2,"minecraft:rotten_flesh":6,"minecraft:stone_axe":2,"minecraft:oak_sapling":3,"minecraft:coal":51,"minecraft:snowball":19,"minecraft:white_wool":1,"minecraft:cobblestone":38}},"DataVersion":3120}