{"stats":{"minecraft:crafted":{"minecraft:furnace":1,"minecraft:oak_planks":20,"minecraft:bucket":1,"minecraft:stone_axe":1,"minecraft:crafting_table":1,"minecraft:stick":8,"minecraft:air":0,"minecraft:iron_ingot":4,"minecraft:wooden_pickaxe":1,"minecraft:stone_pickaxe":1},"minecraft:dropped":{"minecraft:cobblestone":3},"minecraft:custom":{"minecraft:time_since_rest":5700,"minecraft:damage_taken":70,"minecraft:interact_with_furnace":2,"minecraft:crouch_one_cm":401,"minecraft:play_time":5700,"minecraft:sprint_one_cm":6932,"minecraft:walk_one_cm":17081,"minecraft:sneak_time":147,"minecraft:drop":1,"minecraft:jump":37,"minecraft:time_since_death":5700,"minecraft:total_world_time":5700,"minecraft:fly_one_cm":3225,"minecraft:interact_with_crafting_table":6,"minecraft:fall_one_cm":478},"minecraft:mined":{"minecraft:grass":1,"minecraft:grass_block":5,"minecraft:oak_log":5,"minecraft:furnace":1,"minecraft:dirt":4,"minecraft:iron_ore":4,"minecraft:stone":17,"minecraft:crafting_table":1},"minecraft:used":{"minecraft:stone_axe":1,"minecraft:crafting_table":1,"minecraft:furnace":1,"minecraft:stone_pickaxe":10,"minecraft:wooden_pickaxe":12},"minecraft:picked_up":{"minecraft:crafting_table":1,"minecraft:raw_iron":4,"minecraft:oak_log":5,"minecraft:cobblestone":17,"minecraft:dirt":9,"minecraft:furnace":1}},"DataVersion":3120}