{"stats":{"minecraft:killed":{"minecraft:pig":4,"minecraft:spider":3,"minecraft:zombie":6,"minecraft:chicken":1},"minecraft:crafted":{"minecraft:wooden_sword":2,"epicfight:stone_spear":1,"minecraft:oak_planks":40,"minecraft:crafting_table":2,"minecraft:wooden_pickaxe":1,"minecraft:furnace":1,"epicfight:stone_greatsword":3,"minecraft:bucket":1,"minecraft:stone_axe":1,"immersive_aircraft:propeller":1,"minecraft:air":0,"minecraft:stick":12,"minecraft:iron_ingot":29,"immersive_aircraft:hull":3,"minecraft:iron_pickaxe":2,"minecraft:stone_pickaxe":1,"minecraft:stone_sword":1},"minecraft:dropped":{"minecraft:iron_ingot":11,"minecraft:stone_axe":1,"minecraft:wheat_seeds":1,"immersive_aircraft:propeller":1,"minecraft:stone_sword":1,"minecraft:crafting_table":2,"minecraft:cobblestone":4,"minecraft:rotten_flesh":4,"immersive_aircraft:hull":3,"minecraft:oak_planks":29,"epicfight:stone_spear":1,"minecraft:coal":21,"minecraft:stick":3,"minecraft:dirt":16,"minecraft:torch":2,"minecraft:wooden_axe":1,"minecraft:oak_sapling":1,"epicfight:stone_greatsword":2,"minecraft:wooden_sword":1,"minecraft:arrow":2,"minecraft:stone_pickaxe":1,"minecraft:wooden_pickaxe":1,"minecraft:iron_pickaxe":2,"minecraft:white_wool":1},"minecraft:custom":{"minecraft:interact_with_furnace":25,"minecraft:mob_kills":13,"minecraft:interact_with_crafting_table":21,"minecraft:time_since_death":9495,"minecraft:time_since_rest":9534,"minecraft:sprint_one_cm":108791,"minecraft:damage_taken":1943,"minecraft:walk_one_cm":243282,"minecraft:drop":32,"minecraft:damage_dealt":2225,"minecraft:player_kills":2,"minecraft:swim_one_cm":17182,"minecraft:fly_one_cm":225569,"minecraft:open_chest":2,"minecraft:crouch_one_cm":6825,"minecraft:play_time":59700,"minecraft:deaths":6,"minecraft:sneak_time":1621,"minecraft:walk_under_water_one_cm":3187,"minecraft:jump":1070,"minecraft:walk_on_water_one_cm":5972,"minecraft:total_world_time":59700,"minecraft:fall_one_cm":24928},"minecraft:mined":{"minecraft:powder_snow":4,"minecraft:crafting_table":4,"minecraft:grass_block":10,"minecraft:cobblestone":1,"minecraft:oak_planks":10,"minecraft:wall_torch":3,"minecraft:hay_block":15,"minecraft:furnace":1,"minecraft:iron_ore":28,"minecraft:grass":5,"minecraft:oak_log":23,"minecraft:dirt":22,"minecraft:stone":45,"minecraft:oak_leaves":3},"minecraft:killed_by":{"apollyon:the_damned":2,"screaming_villager:screaming_sheep":2,"minecraft:player":1,"minecraft:spider":1},"minecraft:used":{"minecraft:water_bucket":1,"epicfight:skillbook":1,"minecraft:stone_sword":1,"minecraft:stone_pickaxe":48,"minecraft:oak_planks":16,"minecraft:wooden_pickaxe":12,"minecraft:rotten_flesh":2,"minecraft:torch":3,"minecraft:dirt":9,"minecraft:crafting_table":5,"minecraft:snowball":19,"minecraft:oak_log":2,"minecraft:iron_pickaxe":19,"epicfight:stone_greatsword":25,"minecraft:stone_axe":44,"minecraft:cobblestone":4,"minecraft:furnace":2,"minecraft:bucket":2,"minecraft:cooked_beef":1},"minecraft:picked_up":{"minecraft:wooden_axe":1,"minecraft:crafting_table":10,"minecraft:cooked_beef":2,"minecraft:wooden_pickaxe":1,"minecraft:oak_log":33,"minecraft:dirt":35,"minecraft:wooden_sword":1,"minecraft:wheat_seeds":1,"minecraft:bucket":1,"minecraft:iron_ingot":12,"minecraft:stone_pickaxe":2,"minecraft:iron_pickaxe":1,"minecraft:oak_planks":40,"minecraft:furnace":3,"minecraft:egg":3,"minecraft:stick":10,"minecraft:raw_iron":36,"epicfight:stone_greatsword":2,"minecraft:torch":7,"epicfight:skillbook":1,"minecraft:porkchop":7,"minecraft:stone_sword":1,"minecraft:arrow":2,"minecraft:rotten_flesh":6,"minecraft:stone_axe":2,"minecraft:hay_block":15,"minecraft:emerald":1,"minecraft:oak_sapling":3,"minecraft:coal":51,"minecraft:snowball":19,"minecraft:white_wool":1,"minecraft:cobblestone":47}},"DataVersion":3120}