{"stats":{"minecraft:killed":{"midnightlurker:midnight_lurker_runtrue":1},"minecraft:mined":{"minecraft:hay_block":1,"minecraft:glass_pane":2,"horror_element_mod:villager_head":3,"minecraft:red_bed":1,"horror_element_mod:spiked_villager":1,"horror_element_mod:hanging_villager":1,"minecraft:anvil":1,"treechop:chopped_log":1,"minecraft:brewing_stand":1,"minecraft:crafting_table":1,"minecraft:grass":3,"minecraft:acacia_log":1,"minecraft:grass_block":2,"minecraft:melon":14,"minecraft:dirt":3,"horror_element_mod:crucified_body":1,"minecraft:cobblestone":1,"minecraft:tall_grass":1,"minecraft:acacia_planks":12,"minecraft:stone":10,"minecraft:sugar_cane":3,"minecraft:wall_torch":1},"minecraft:crafted":{"minecraft:crafting_table":1,"minecraft:stick":8,"minecraft:wooden_pickaxe":1,"minecraft:stone_pickaxe":1,"minecraft:stone_sword":1,"minecraft:acacia_planks":32,"minecraft:stone_axe":1},"minecraft:picked_up":{"minecraft:stick":5,"minecraft:crafting_table":2,"minecraft:anvil":1,"minecraft:torch":1,"minecraft:acacia_log":8,"minecraft:wooden_pickaxe":1,"minecraft:brewing_stand":1,"horror_element_mod:villager_head":3,"minecraft:red_bed":1,"minecraft:dirt":5,"minecraft:stone_sword":1,"minecraft:rotten_flesh":12,"minecraft:acacia_planks":33,"minecraft:stone_axe":1,"minecraft:wheat_seeds":1,"minecraft:hay_block":1,"minecraft:stone_pickaxe":1,"minecraft:melon_slice":71,"minecraft:sugar_cane":6,"minecraft:acacia_sapling":12,"minecraft:cobblestone":12},"minecraft:custom":{"minecraft:time_since_rest":4118,"minecraft:sprint_one_cm":35808,"minecraft:damage_taken":370,"minecraft:walk_one_cm":40437,"minecraft:mob_kills":1,"minecraft:damage_dealt":600,"minecraft:talked_to_villager":1,"minecraft:swim_one_cm":4646,"minecraft:interact_with_crafting_table":4,"minecraft:fly_one_cm":76813,"minecraft:open_barrel":1,"minecraft:open_chest":5,"minecraft:crouch_one_cm":1049,"minecraft:play_time":17662,"minecraft:deaths":1,"minecraft:sneak_time":1369,"minecraft:walk_under_water_one_cm":1518,"minecraft:jump":432,"minecraft:walk_on_water_one_cm":2877,"minecraft:time_since_death":12971,"minecraft:sleep_in_bed":1,"minecraft:interact_with_smoker":1,"minecraft:climb_one_cm":1067,"minecraft:total_world_time":17662,"minecraft:fall_one_cm":9978},"minecraft:killed_by":{"yeti:yeti":1},"minecraft:used":{"minecraft:melon_slice":5,"minecraft:stone_pickaxe":7,"horror_element_mod:villager_head":3,"minecraft:iron_sword":9,"minecraft:wooden_pickaxe":10,"minecraft:stone_axe":32,"minecraft:dirt":5,"minecraft:cobblestone":2,"minecraft:crafting_table":1,"minecraft:acacia_planks":22}},"DataVersion":3120}